,consumer_sentiment,federal_funds_rate,bbkmgdp,labor_force_participation_rate,m2,yield_10_year,mortgage_30_year,msci,savings_rate,sp500_monthly_open,sp500_monthly_high,sp500_monthly_low,close ,sp500_monthly_volume,sp500_pe_ratio,vehicle_sales,unemployment_rate,percent_change
0,97.4,5.25,0.2846622327877792,67.0,3834.6,6.5790476190476195,7.824,102815.40767194922,5.9,740.74,794.67,729.55,786.16,11635830000.0,19.53,15.682,5.3,6.131706131706127
1,99.7,5.19,4.986687417720908,66.9,3846.3,6.419473684210526,7.65,103978.69965881192,6.0,786.16,817.68,773.43,790.82,9715930000.0,20.09,15.271,5.2,0.5927546555408725
2,100.0,5.39,6.322836824887784,67.1,3861.2,6.6945,7.8975,101902.55412773826,6.1,790.82,814.9,756.13,757.12,10120760000.0,19.69,15.816,5.2,-4.261399559950441
3,101.4,5.51,7.677815235719788,67.1,3877.0,6.885454545454546,8.1425,105214.05567424509,6.2,757.12,804.13,733.54,801.34,10454880000.0,18.94,15.058,5.1,5.840553677092153
4,103.2,5.5,6.596758541075028,67.1,3889.2,6.710952380952381,7.944,111689.04052804438,6.5,801.34,851.87,793.21,848.28,10106650000.0,20.6,15.088,4.9,5.857688371976932
5,104.5,5.56,5.580402069098788,67.1,3906.0,6.493809523809524,7.69,117240.39412008545,6.3,848.28,902.09,838.82,885.14,10857950000.0,21.61,14.524,5.0,4.345263356438922
6,107.1,5.52,5.322193384951312,67.2,3923.9,6.220454545454546,7.4975,122620.96234176208,5.8,885.14,957.73,884.54,954.31,11958120000.0,22.8,15.568,4.9,7.814583003818609
7,104.4,5.54,3.662568956111623,67.2,3957.4,6.298571428571429,7.48,114398.90309620228,5.7,954.29,964.17,893.34,899.47,10606100000.0,22.83,16.148,4.8,-5.746560342027218
8,106.0,5.54,3.62416106077679,67.1,3973.1,6.208571428571429,7.43,120594.56012244508,5.9,899.47,960.59,899.47,947.28,11383000000.0,23.06,15.096,4.9,5.315352374175908
9,105.6,5.5,2.909689396552644,67.1,3992.3,6.029545454545455,7.294,114228.0539523612,5.9,947.28,983.12,855.27,914.62,14017260000.0,23.58,15.431,4.7,-3.4477662359597927
10,107.2,5.52,3.699600293217117,67.2,4014.8,5.875,7.205,116229.96715665954,6.1,914.62,964.55,900.61,955.4,10173620000.0,23.46,15.825,4.6,4.458682294286143
11,102.1,5.5,3.573636147262035,67.2,4032.9,5.808636363636364,7.095,117627.0527087784,6.1,955.4,986.25,924.92,970.43,11958880000.0,24.23,16.474,4.7,1.5731630730583923
12,106.6,5.56,4.209269468237968,67.1,4056.2,5.5445,6.994,120885.55849622142,7.0,970.43,992.65,912.83,980.28,12733830000.0,24.29,14.789,4.6,1.0150139628824384
13,110.4,5.51,4.593407847800757,67.1,4088.9,5.574736842105263,7.0425,129043.206530404,7.0,980.28,1051.66,980.28,1049.34,11656550000.0,25.85,15.232,4.6,7.04492593952748
14,106.5,5.49,3.2801337508924804,67.1,4114.3,5.647272727272727,7.1275,134472.43391473484,7.1,1049.34,1113.07,1030.87,1101.75,13719590000.0,27.23,15.405,4.7,4.994568014180345
15,108.7,5.45,3.434017122877945,67.0,4140.2,5.637619047619048,7.14,135766.333981697,6.9,1101.75,1132.98,1076.7,1111.75,13656060000.0,28.26,15.923,4.3,0.9076469253460395
16,106.5,5.49,4.344182654008677,67.0,4164.4,5.6525,7.144,134044.57766015115,6.6,1111.75,1130.52,1074.39,1090.82,11477140000.0,28.3,17.057,4.4,-1.8826174949404195
17,105.6,5.56,3.028326822314018,67.0,4184.1,5.496363636363637,6.9975,137205.44625490258,6.5,1090.82,1145.15,1074.67,1133.84,13551970000.0,28.44,16.771,4.5,3.9438220788031053
18,105.2,5.54,4.006611843096226,67.0,4203.8,5.461363636363637,6.952,136964.9564746022,6.6,1133.84,1190.58,1114.3,1120.67,14194800000.0,29.9,14.668,4.5,-1.1615395470260248
19,104.4,5.55,8.000555472668651,67.0,4228.7,5.341904761904762,6.9225,118679.76148719748,6.5,1120.67,1121.79,957.28,957.28,15071550000.0,28.0,14.796,4.5,-14.579671089616042
20,100.9,5.51,6.641411957028244,67.2,4267.7,4.806666666666667,6.7225,120758.33041038227,6.1,957.28,1066.11,939.98,1017.01,16714080000.0,26.8,16.313,4.6,6.239553735584158
21,97.4,5.07,7.246160898008648,67.2,4307.9,4.53,6.71,131654.1564363381,5.9,1017.01,1103.78,923.32,1098.67,18001650000.0,27.2,17.131,4.5,8.029419573062224
22,102.7,4.83,5.076341120399409,67.1,4346.6,4.827368421052632,6.865,139462.8997799815,6.0,1098.67,1192.97,1098.67,1163.63,13451280000.0,30.25,16.118,4.4,5.912603420499329
23,100.5,4.68,4.290237677359676,67.2,4375.6,4.645,6.738,146255.15767992093,5.5,1163.63,1244.93,1136.89,1229.23,15181450000.0,31.56,17.409,4.4,5.6375308302467175
24,103.9,4.63,3.106074873687337,67.2,4403.0,4.7221052631578955,6.785,149436.4337871879,6.1,1229.23,1280.37,1205.46,1279.64,16213500000.0,32.92,16.593,4.3,4.100941239637823
25,108.1,4.76,4.1515357341197365,67.2,4425.8,4.998947368421053,6.8075,145440.0051018781,6.0,1279.64,1283.84,1211.89,1238.33,14555860000.0,32.67,17.097,4.4,-3.2282516957894525
26,105.7,4.81,2.376257997855662,67.0,4432.6,5.232608695652174,7.04,151474.3152322949,5.6,1238.33,1323.82,1216.03,1286.37,18002500000.0,33.39,16.832,4.2,3.8794182487705164
27,104.6,4.74,2.807535192373001,67.1,4461.4,5.1845454545454555,6.916,157424.38060010842,4.7,1286.37,1371.56,1282.56,1335.18,18523200000.0,34.0,16.929,4.3,3.7943981902563095
28,106.8,4.74,4.347242601735461,67.1,4486.1,5.5395,7.145,151650.71266860113,4.4,1335.18,1375.98,1277.31,1301.84,15880260000.0,33.19,17.564,4.2,-2.497041597387628
29,107.3,4.76,3.891191213533996,67.1,4508.0,5.899545454545455,7.55,158702.6561653008,4.3,1301.84,1372.93,1277.47,1372.71,16079170000.0,32.24,17.346,4.3,5.443833343575255
30,106.0,4.99,5.27039927755023,67.1,4535.4,5.791904761904761,7.632,158205.15927425784,4.4,1372.71,1420.33,1328.49,1328.72,15332930000.0,32.88,17.688,4.3,-3.204609859329355
31,104.5,5.07,6.338505749958297,67.0,4552.7,5.9390909090909085,7.9425,157902.42658078505,4.3,1328.72,1382.84,1267.73,1320.41,15818550000.0,30.89,17.641,4.2,-0.625413932205432
32,107.2,5.22,6.820841093493922,67.0,4568.8,5.915238095238095,7.8225,156349.86129268835,3.7,1320.41,1361.39,1256.26,1282.71,16438700000.0,29.99,17.662,4.2,-2.855173771783015
33,103.2,5.2,9.0182084805375,67.0,4592.7,6.112,7.852,164455.4701699563,4.0,1282.71,1373.17,1233.7,1362.93,18832000000.0,28.66,17.684,4.1,6.253946722174142
34,107.2,5.42,5.099466771908455,67.1,4611.8,6.034,7.7375,169060.68046299543,4.1,1362.93,1425.31,1346.41,1388.91,18384820000.0,29.74,17.62,4.1,1.906187405075821
35,105.4,5.3,1.348514553576627,67.1,4639.3,6.275454545454545,7.912,182723.7014125825,3.7,1388.91,1473.1,1387.38,1469.25,19640690000.0,29.66,18.322,4.0,5.784392077240419
36,112.0,5.45,-1.5036000095551012,67.3,4667.6,6.661,8.21,172238.76789643188,4.5,1469.25,1478.0,1350.14,1394.46,21494400000.0,29.04,18.635,4.0,-5.090352220520666
37,111.3,5.73,0.4958959975827617,67.3,4680.9,6.5195,8.325,172682.63129364495,4.0,1394.46,1444.55,1325.07,1366.42,20912000000.0,27.76,19.401,4.1,-2.0108142219927405
38,107.1,5.85,8.742041902930499,67.3,4711.7,6.256521739130434,8.24,184596.7921941265,3.8,1366.42,1552.87,1346.62,1498.58,26156200000.0,28.31,18.343,4.0,9.671989578606865
39,109.2,6.02,10.796120104261025,67.3,4767.8,5.990526315789474,8.1525,176770.44737093843,4.3,1498.58,1527.19,1339.4,1452.43,20106460000.0,28.5,17.939,3.8,-3.0795820042973876
40,110.7,6.27,6.2409420111171645,67.1,4755.7,6.440454545454545,8.515,172274.0984024744,4.3,1452.43,1481.51,1361.09,1420.6,19898300000.0,27.49,17.943,4.0,-2.191499762467053
41,106.4,6.53,2.1363668672916445,67.1,4773.6,6.097272727272728,8.288,178053.5697203533,4.3,1420.6,1488.93,1420.6,1454.6,21738300000.0,28.16,17.596,4.0,2.3933549204561366
42,108.3,6.54,-3.0964407514258925,66.9,4791.3,6.054,8.1475,173019.86543796436,4.7,1454.6,1517.32,1413.89,1430.83,19089100000.0,28.05,17.316,4.0,-1.6341262202667406
43,107.3,6.5,-1.0218205716519857,66.9,4819.5,5.826086956521739,8.0275,178626.51063422722,4.8,1430.83,1525.21,1425.43,1517.68,20363700000.0,27.97,17.531,4.1,6.069903482594019
44,106.8,6.52,4.4859758547942885,66.9,4855.3,5.799,7.912,169107.49019482796,4.1,1517.68,1530.09,1419.44,1436.51,20838300000.0,27.34,18.654,3.9,-5.348294765695016
45,105.8,6.51,3.662556729951696,66.8,4871.4,5.738571428571428,7.795,166253.37202257582,4.3,1436.52,1454.82,1305.79,1429.4,25951400000.0,26.5,17.514,3.9,-0.494949565265812
46,107.6,6.51,2.0923759177460006,66.9,4882.8,5.717142857142857,7.745,156138.7710851057,4.3,1429.4,1438.46,1294.9,1314.95,20532300000.0,26.9,16.634,3.9,-8.00685602350637
47,98.4,6.4,-1.681155653022798,67.0,4927.7,5.2405,7.382,158643.7294729122,4.1,1314.95,1389.05,1254.07,1320.28,23610800000.0,26.62,16.222,3.9,0.4053386060306474
48,94.7,5.98,-3.386066287807944,67.2,4978.4,5.160952380952381,7.0325,161698.67032301266,4.5,1320.28,1383.37,1274.62,1366.01,27829800000.0,27.55,17.652,4.2,3.4636592238010078
49,90.6,5.49,-1.480092117064741,67.1,5017.1,5.098947368421053,7.05,148015.30563438666,4.6,1366.01,1376.38,1215.44,1239.94,21644400000.0,27.81,17.826,4.2,-9.229068601254742
50,91.5,5.31,2.554246540257836,67.2,5074.9,4.885454545454546,6.952,138268.35878957942,4.9,1239.94,1267.42,1081.19,1160.33,27806610000.0,26.1,17.248,4.3,-6.420471958320572
51,88.4,4.8,4.148975462015334,66.9,5139.2,5.141,7.0775,148460.69959503843,4.8,1160.33,1269.3,1091.99,1249.46,25409990000.0,27.96,16.872,4.4,7.681435453707142
52,92.0,4.21,3.817322673869243,66.7,5137.3,5.391363636363637,7.145,146526.13118204137,4.3,1249.46,1315.93,1232.0,1255.82,24525900000.0,32.02,16.876,4.3,0.5090198965953308
53,92.6,3.97,-1.2911870583480969,66.7,5180.3,5.284285714285714,7.16,141914.67108829436,4.2,1255.82,1286.62,1203.03,1224.38,24748030000.0,33.67,17.464,4.5,-2.503543501457206
54,92.4,3.77,-3.271151155968239,66.8,5210.2,5.236190476190476,7.1275,140017.79279997447,5.4,1224.42,1239.78,1165.54,1211.23,23793710000.0,35.46,16.463,4.6,-1.0740129698296408
55,91.5,3.65,-1.967559519273672,66.5,5243.9,4.971304347826087,6.95,133276.4261343707,6.5,1211.23,1226.27,1124.87,1133.58,23359200000.0,37.85,16.348,4.9,-6.410838569057908
56,81.8,3.07,-1.943922284244997,66.8,5355.3,4.731764705882353,6.8175,121514.87516341952,6.9,1133.58,1155.4,944.75,1040.94,25025290000.0,36.9,16.365,5.0,-8.172338961520131
57,82.7,2.49,2.727133734033044,66.7,5344.0,4.566818181818181,6.6175,123835.20933643696,2.9,1040.94,1110.61,1026.76,1059.78,29951280000.0,39.72,22.055,5.3,1.809902588045409
58,83.9,2.09,2.14897528638299,66.7,5387.7,4.6515,6.658,131142.50183348745,3.4,1059.78,1163.38,1054.31,1139.45,26330000000.0,43.62,18.031,5.5,7.517597992036085
59,88.8,1.82,3.2650219673936838,66.7,5440.7,5.0875,7.065,131953.63668250374,3.7,1139.45,1173.62,1114.53,1148.08,25128570000.0,46.37,16.465,5.7,0.7573829479134542
60,93.0,1.73,4.0369470367058415,66.5,5461.1,5.035714285714286,6.9975,127942.60387105004,5.6,1148.08,1176.97,1081.66,1130.2,29746200000.0,46.17,16.523,5.7,-1.5573827607832103
61,90.7,1.74,3.5865324052718086,66.8,5490.4,4.911578947368421,6.8925,126817.32087624756,5.4,1130.2,1130.2,1074.36,1106.73,26047600000.0,44.57,17.304,5.7,-2.0766236064413413
62,95.7,1.73,2.0179652368190677,66.6,5502.2,5.284,7.014,132403.62233347152,5.5,1106.73,1173.94,1106.73,1147.39,26563200000.0,46.71,17.107,5.7,3.673886133022508
63,93.0,1.75,2.633677706595509,66.7,5502.3,5.21090909090909,6.985,127903.255635981,5.4,1147.39,1147.84,1063.46,1076.92,28568900000.0,43.81,17.668,5.9,-6.141765223681572
64,96.9,1.75,1.940636861815632,66.7,5528.5,5.164545454545455,6.806,128116.5141417684,6.1,1076.92,1106.59,1048.96,1067.14,26905500000.0,41.41,16.197,5.8,-0.9081454518441445
65,92.4,1.75,2.5696617489414493,66.6,5553.5,4.9265,6.65,120321.03568126015,6.1,1067.14,1070.74,952.92,989.82,29981510000.0,37.92,16.953,5.8,-7.245534793935193
66,88.1,1.73,1.4483848342505992,66.5,5596.2,4.653181818181817,6.485,110168.61707215969,5.3,989.82,994.46,775.68,911.62,42228720000.0,32.46,18.147,5.8,-7.900426340142652
67,87.6,1.74,1.6454654511778273,66.6,5638.4,4.257272727272727,6.29,110356.74882816237,5.2,911.62,965.0,833.44,916.07,29298400000.0,31.53,18.449,5.7,0.4881419889866345
68,86.1,1.75,-0.1075317020042803,66.7,5662.5,3.87,6.0925,98206.43474379006,5.8,916.07,924.02,800.2,815.28,27723710000.0,28.89,16.665,5.7,-11.002434311788411
69,80.6,1.75,-0.3678867458687369,66.6,5707.2,3.9409090909090905,6.1125,105442.6835878958,5.6,815.28,907.44,768.63,885.76,37856310000.0,29.24,16.259,5.7,8.644882739672255
70,84.2,1.34,1.8779717650609025,66.4,5758.2,4.0484210526315785,6.068,111111.6992442843,5.6,885.76,941.82,872.05,936.31,29200960000.0,32.03,16.52,5.9,5.706963511560681
71,86.7,1.24,0.3774834507612046,66.3,5779.5,4.032380952380952,6.0475,105713.21067567998,5.3,936.31,954.28,869.45,879.82,25993640000.0,32.59,17.866,6.0,-6.033258215761861
72,82.4,1.24,3.282112957716059,66.4,5812.3,4.048571428571429,5.916,102491.69350467142,5.3,879.82,935.05,840.34,855.7,30749580000.0,31.43,16.708,5.8,-2.7414698461048825
73,79.9,1.26,1.7589397490147416,66.4,5848.4,3.902631578947368,5.8425,100697.93692803165,5.2,855.7,864.64,806.29,841.15,25235300000.0,28.46,16.114,5.9,-1.7003622764987791
74,77.6,1.25,2.8971532205251687,66.3,5868.6,3.807142857142857,5.745,100365.5495679347,4.9,841.15,895.9,788.9,848.18,30080030000.0,27.92,16.467,5.9,0.8357605658919409
75,86.0,1.26,2.284042504636064,66.4,5905.7,3.9585714285714286,5.8125,109259.7812569752,5.0,848.18,924.24,847.85,916.92,29669610000.0,28.05,16.751,6.0,8.104411799382216
76,92.1,1.26,5.1560716555447765,66.4,5965.5,3.5690476190476192,5.484,115480.37371257292,5.3,916.92,965.38,902.83,963.59,30952100000.0,28.24,16.47,6.1,5.0898660733760925
77,89.7,1.22,7.042670178727475,66.5,6002.4,3.3342857142857145,5.23,117464.43034342016,5.1,963.59,1015.33,963.59,974.5,31219400000.0,28.6,17.013,6.3,1.1322242862628284
78,90.9,1.01,7.440219511677676,66.2,6049.4,3.9754545454545456,5.6325,119836.03839163292,5.9,974.5,1015.41,962.1,990.31,31553200000.0,27.65,17.117,6.2,1.6223704463827593
79,89.3,1.03,5.8243683451057375,66.1,6107.3,4.445238095238095,6.264,122410.38232199223,5.7,990.31,1011.01,960.84,1008.01,24881470000.0,26.57,18.262,6.1,1.787319122295039
80,87.7,1.01,6.168187559214278,66.1,6079.9,4.274285714285714,6.1475,123147.09352380344,4.9,1008.01,1040.29,990.36,995.97,29940110000.0,26.42,17.286,6.1,-1.1944325949147294
81,89.6,1.01,4.573104987976535,66.1,6070.2,4.290454545454546,5.952,130442.58792768088,5.0,995.97,1053.79,995.97,1050.71,32298500000.0,24.75,16.489,6.0,5.4961494824141255
82,93.7,1.0,3.858836234561114,66.1,6075.7,4.3,5.9325,132414.14495711232,5.0,1050.71,1063.65,1031.2,1058.2,24463220000.0,23.15,17.563,5.8,0.7128513100665312
83,92.6,0.98,1.9527641826726776,65.9,6074.0,4.267727272727273,5.876,140711.26558464332,5.0,1058.2,1112.56,1053.41,1111.92,27839130000.0,22.17,17.357,5.7,5.076545076545069
84,103.8,1.0,1.1978297370748847,66.1,6082.2,4.1505,5.7125,142969.10175058196,4.6,1111.92,1155.38,1105.08,1131.13,32820000000.0,22.73,16.695,5.7,1.7276422764227695
85,94.4,1.01,2.491889022145716,66.0,6121.9,4.08421052631579,5.635,145363.1580625618,4.6,1131.13,1158.98,1124.44,1144.94,27985600000.0,22.46,17.032,5.6,1.2209029908144986
86,95.8,1.0,3.9954657824865407,66.0,6158.0,3.8265217391304343,5.445,144398.5842288193,4.5,1144.94,1163.23,1087.16,1126.21,33597900000.0,21.61,17.247,5.8,-1.6358935839432598
87,94.2,1.0,2.28014671065521,65.9,6199.1,4.347619047619048,5.83,141441.08925098053,4.9,1126.21,1150.57,1107.23,1107.3,31611900000.0,21.23,16.898,5.6,-1.6790829419024988
88,90.2,1.0,3.7943226236880303,66.0,6275.9,4.7155,6.27,142729.75989286054,4.8,1107.3,1127.74,1076.32,1120.68,29326400000.0,20.14,18.186,5.6,1.2083446220536587
89,95.6,1.03,2.8858255317881416,66.1,6278.1,4.733809523809524,6.2875,145659.8322757565,5.4,1120.68,1146.34,1113.32,1140.84,27529500000.0,20.17,16.173,5.6,1.7989078059749364
90,96.7,1.26,4.5282251801912174,66.1,6291.3,4.498095238095239,6.056,140904.05280443863,4.7,1140.84,1140.84,1078.78,1101.72,29285600000.0,19.51,17.309,5.5,-3.4290522772693732
91,95.9,1.43,3.7594821180303737,66.0,6317.9,4.281363636363637,5.8675,141523.3570358088,4.7,1101.72,1109.68,1060.72,1104.24,26586800000.0,19.03,17.157,5.4,0.22873325345822426
92,94.2,1.61,3.302691299404212,65.8,6352.3,4.1257142857142854,5.754,144200.63135741843,4.1,1104.24,1131.54,1099.18,1114.58,26829870000.0,19.35,17.875,5.4,0.9363906397160005
93,91.7,1.76,4.12429600211343,65.9,6379.9,4.097,5.7225,147729.28159178596,3.9,1114.58,1142.05,1090.29,1130.2,31511000000.0,19.25,17.514,5.5,1.401424751924507
94,92.8,1.93,3.833127657803888,66.0,6406.5,4.194,5.73,155489.68464015814,3.4,1130.2,1188.46,1127.6,1173.82,30460280000.0,20.05,17.362,5.4,3.859493894885846
95,97.1,2.16,6.146404539588232,65.9,6424.7,4.2309090909090905,5.752,161425.20965530435,6.2,1173.78,1217.33,1173.78,1211.92,31102500000.0,20.48,18.102,5.4,3.2458128162750732
96,95.5,2.28,5.120132711056531,65.8,6431.0,4.2215,5.71,157790.82299671567,2.7,1211.92,1217.8,1163.75,1181.27,31498800000.0,19.99,16.889,5.3,-2.5290448214403627
97,94.1,2.5,3.786954094295405,65.9,6439.1,4.165263157894737,5.6275,162789.3243200153,2.3,1181.27,1212.44,1180.95,1203.6,29297410000.0,20.11,16.886,5.4,1.8903383646414307
98,92.6,2.63,0.6462098022019092,65.9,6448.4,4.497727272727273,5.928,159629.34855393643,2.5,1203.6,1229.11,1163.69,1180.59,39014150000.0,19.84,17.413,5.2,-1.9117647058823573
99,87.7,2.79,2.0250254853624075,66.1,6462.0,4.3409523809523805,5.855,156151.14313956822,2.1,1180.59,1191.88,1136.15,1156.85,43424270000.0,19.02,17.756,5.2,-2.010858977291019
100,86.9,3.0,1.3045669923603551,66.1,6479.2,4.144285714285713,5.72,158925.54446605657,2.6,1156.85,1199.56,1146.18,1191.5,39321990000.0,18.93,17.414,5.1,2.9952024895189666
101,96.0,3.04,3.937561148024101,66.1,6511.8,3.9981818181818176,5.582,160300.6919422212,2.0,1191.5,1219.59,1188.3,1191.33,40334040000.0,19.0,18.482,5.0,-0.014267729752415192
102,96.5,3.26,3.572208300090461,66.1,6543.7,4.1775,5.695,165900.25828258027,1.4,1191.33,1245.15,1183.55,1234.18,37464670000.0,19.0,21.135,5.0,3.5968203604375137
103,89.1,3.5,3.987873735897223,66.2,6576.5,4.262608695652173,5.82,167150.34597111066,2.0,1234.18,1245.86,1201.07,1220.33,42030090000.0,18.72,17.418,4.9,-1.122202596055688
104,76.9,3.62,0.2340791504224282,66.1,6610.3,4.19904761904762,5.774,171491.85293836292,2.0,1220.33,1243.13,1205.35,1228.81,44777510000.0,18.44,16.927,5.0,0.6948940040808704
105,74.2,3.78,1.0976962475395116,66.1,6644.1,4.4635,6.065,167331.27132425626,2.3,1228.81,1233.34,1168.2,1207.01,49793790000.0,17.64,15.336,5.0,-1.7740741042146402
106,81.6,4.0,3.43752521858266,66.0,6660.8,4.535,6.33,172906.66751697965,2.6,1207.01,1270.64,1201.07,1249.48,45102870000.0,18.01,16.524,5.0,3.518612107604735
107,91.5,4.16,5.308579811825057,66.0,6688.0,4.467142857142857,6.272,176737.3489365773,2.5,1249.48,1275.8,1246.59,1248.29,41756130000.0,18.07,17.174,4.9,-0.09523961968179728
108,91.2,4.29,7.266760381978792,66.0,6730.3,4.416,6.145,184629.25289372148,3.0,1248.29,1294.9,1245.74,1280.08,49211650000.0,18.07,18.081,4.7,2.546683863525301
109,86.7,4.49,4.675416994809374,66.1,6754.9,4.568947368421052,6.2525,184354.38920952776,3.2,1280.08,1297.57,1253.61,1280.66,42859940000.0,17.8,17.071,4.8,0.04530966814575432
110,88.9,4.59,2.904978996891482,66.2,6769.5,4.723913043478261,6.324,188408.1502503109,3.3,1280.66,1310.88,1268.42,1294.87,50905040000.0,17.8,16.96,4.7,1.1095841206877566
111,87.4,4.79,-0.1440437734440673,66.1,6807.0,4.990526315789474,6.5075,194128.37600841813,3.1,1302.88,1318.16,1280.74,1310.61,43308430000.0,17.77,17.127,4.7,1.2155660413786684
112,79.1,4.94,-0.1559223344478004,66.1,6813.9,5.11,6.5975,187497.14613692168,2.9,1310.61,1326.7,1245.34,1270.09,54312830000.0,17.46,16.729,4.6,-3.091690129023883
113,84.9,4.99,-0.4198670737570698,66.2,6852.1,5.106363636363636,6.682,187442.1734000829,2.9,1270.05,1290.68,1219.29,1270.2,54873260000.0,16.82,16.9,4.6,0.008660803565119224
114,84.7,5.24,-0.4923584019019107,66.1,6893.9,5.0875,6.7625,188611.97028155992,2.3,1270.06,1280.42,1224.54,1276.66,46348220000.0,16.61,17.662,4.7,0.5085813257754701
115,82.0,5.25,2.241038058900607,66.2,6925.3,4.8765217391304345,6.524,193507.7963075157,2.5,1278.53,1306.74,1261.3,1303.82,50485620000.0,16.67,16.458,4.7,2.1274262528785837
116,85.4,5.25,3.3659357691834435,66.1,6952.6,4.719,6.4025,195815.12069130447,2.4,1303.8,1340.28,1290.93,1335.85,49001440000.0,16.77,16.974,4.5,2.456627448574178
117,93.6,5.25,3.912335060834203,66.2,7002.0,4.729047619047619,6.3575,203002.07263798983,2.4,1335.82,1389.45,1327.1,1377.94,56793620000.0,17.14,16.865,4.4,3.1508028596025195
118,92.1,5.25,3.495939870023662,66.3,7037.5,4.595238095238095,6.24,207973.21513982333,2.7,1377.76,1407.89,1360.98,1400.63,55343930000.0,17.24,16.657,4.5,1.6466609576614388
119,91.7,5.24,3.121918918170539,66.4,7080.4,4.5645,6.135,212201.52418609103,2.6,1400.63,1431.81,1385.93,1418.3,47578780000.0,17.38,17.107,4.4,1.2615751483260995
120,96.9,5.25,-1.2093147165921696,66.4,7118.5,4.7595238095238095,6.2175,214706.61012085076,2.4,1418.03,1441.61,1403.97,1438.24,56686200000.0,17.36,16.896,4.6,1.405908481985474
121,91.3,5.26,0.977851763712552,66.3,7134.6,4.722631578947368,6.285,213589.36258410127,2.8,1437.9,1461.57,1389.42,1406.82,51844990000.0,17.49,17.169,4.5,-2.1846145288686225
122,88.4,5.26,2.7410658215685886,66.2,7168.5,4.564545454545455,6.156,217499.1868881732,3.0,1406.8,1438.89,1363.98,1420.86,67622250000.0,16.92,16.438,4.4,0.9979954791657697
123,87.1,5.25,2.422390242846337,65.9,7241.0,4.693809523809524,6.18,227091.29173176875,3.0,1420.83,1498.02,1416.37,1482.37,57032470000.0,17.48,16.615,4.5,4.32906831074138
124,88.3,5.25,3.0607694519149597,66.0,7254.9,4.746363636363637,6.262,233454.290360639,2.8,1482.37,1535.56,1476.7,1530.62,64958050000.0,17.92,16.661,4.4,3.2549228600146973
125,85.3,5.25,2.102462744529161,66.0,7288.1,5.102857142857143,6.6575,231653.5824750486,2.7,1530.62,1540.56,1484.18,1503.35,65322800000.0,17.83,16.179,4.6,-1.7816309730697366
126,90.4,5.26,1.2755241092494356,66.0,7319.0,5.004285714285714,6.695,226523.2613755939,2.6,1504.66,1555.9,1454.25,1455.27,70337430000.0,18.36,15.837,4.7,-3.19819070742009
127,83.4,5.02,2.990848002875928,65.8,7395.1,4.674782608695652,6.572,226351.45562960365,2.2,1455.18,1503.89,1370.6,1473.99,91381760000.0,18.02,16.379,4.6,1.2863592323073991
128,83.4,4.94,3.60926840466004,66.0,7413.3,4.521578947368421,6.3825,237115.65319983417,2.3,1473.96,1538.74,1439.29,1526.75,57809700000.0,19.05,16.532,4.7,3.579400131615551
129,80.9,4.76,3.4722949330724195,65.8,7428.4,4.527727272727272,6.375,244388.38047256143,2.2,1527.29,1576.09,1489.56,1549.38,76022580000.0,20.68,16.455,4.7,1.4822335025380884
130,76.1,4.49,1.9827765378768556,66.0,7453.8,4.1485,6.208,234398.8393227257,1.9,1545.79,1545.79,1406.1,1481.14,86246950000.0,20.81,16.354,4.7,-4.404342382114135
131,75.5,4.24,-2.0469155301864355,66.0,7484.2,4.0975,6.095,231374.764835305,2.4,1479.63,1523.57,1435.65,1468.36,64821670000.0,22.35,16.03,5.0,-0.8628488866683881
132,78.4,3.94,-3.242319986449716,66.2,7517.8,3.7442857142857138,5.758,213693.24957750068,2.6,1467.97,1471.77,1270.05,1378.55,98475340000.0,21.46,15.705,5.0,-6.116347489716412
133,70.8,2.98,-2.3611345197559057,66.0,7604.2,3.7375,5.9175,212456.42677210545,3.0,1378.6,1396.02,1316.75,1330.63,78536130000.0,21.74,15.491,4.9,-3.4761162090602316
134,69.5,2.61,1.1613347438562531,66.1,7670.3,3.51,5.97,210420.0121169605,2.9,1330.45,1359.68,1256.98,1322.7,93189170000.0,21.81,15.114,5.1,-0.5959583054643391
135,62.6,2.28,4.533279320885337,65.9,7712.8,3.675,5.9175,221479.22578999397,2.4,1326.41,1404.57,1324.35,1385.59,85978630000.0,23.88,14.605,5.0,4.754668481137059
136,59.8,1.98,3.2654158851627204,66.1,7725.5,3.88,6.036,224856.41401741016,6.8,1385.97,1440.24,1373.07,1400.38,80990480000.0,25.81,14.697,5.4,1.0674153248796614
137,56.4,2.0,1.2822021284866316,66.1,7744.2,4.099523809523809,6.32,206922.54711265583,4.6,1399.62,1404.05,1272.0,1280.0,96614040000.0,26.11,14.377,5.6,-8.59623816392694
138,61.2,2.01,-1.8557604248394632,66.1,7791.5,4.007727272727273,6.426,201866.522113453,3.6,1276.69,1292.17,1200.44,1267.38,124980570000.0,25.37,13.006,5.8,-0.9859374999999893
139,63.0,2.0,-4.970798860591729,66.1,7806.1,3.8857142857142857,6.4775,199030.9620228947,3.1,1269.42,1313.15,1247.45,1282.83,86266010000.0,26.83,14.119,6.1,1.2190503242910378
140,70.3,1.81,-9.280911120394382,66.0,7872.7,3.686190476190476,6.0375,175358.63014572236,3.9,1287.83,1303.04,1106.42,1166.36,140007320000.0,26.48,12.961,6.1,-9.079145327128302
141,57.6,0.97,-8.85317241693702,66.0,7975.3,3.814090909090909,6.2,142110.45566149038,4.9,1164.17,1167.03,839.8,968.75,159823030000.0,27.22,10.933,6.5,-16.942453444905514
142,55.3,0.39,-10.979362958569688,65.9,8027.3,3.526666666666667,6.0875,132911.83316858514,6.0,968.67,1007.51,741.02,896.24,115660210000.0,34.99,10.526,6.8,-7.48490322580645
143,60.1,0.16,-7.619570800781731,65.8,8205.0,2.4163636363636365,5.286,137176.11045566146,5.8,888.61,918.85,815.69,903.25,112884470000.0,58.98,10.383,7.3,0.7821565652057494
144,61.2,0.15,-4.254295567852021,65.7,8289.4,2.5175,5.0475,125158.70029654668,5.9,902.99,943.85,804.3,825.88,112090640000.0,70.91,9.786,7.8,-8.56573484638804
145,56.3,0.22,0.076769074014801,65.8,8319.6,2.87,5.13,112347.56544753036,5.4,823.09,875.01,734.52,735.09,124492210000.0,84.46,9.223,8.3,-10.993122487528451
146,57.3,0.18,-2.2637450256778573,65.6,8386.7,2.8195454545454544,5.0025,120819.55294792895,5.8,729.57,832.98,666.79,797.87,161843640000.0,110.37,9.748,8.7,8.54045082915016
147,65.1,0.15,-0.5182837209070192,65.7,8391.4,2.9271428571428566,4.81,134373.0110646982,6.5,793.59,888.7,783.32,872.81,138855320000.0,119.85,9.379,9.0,9.392507551355479
148,68.7,0.18,-0.1616970382255678,65.7,8449.5,3.293,4.8575,146548.00548451897,7.8,872.74,930.17,866.1,919.14,131614940000.0,123.73,10.176,9.4,5.308142665643167
149,70.8,0.21,-0.1265708032414978,65.7,8459.5,3.7218181818181817,5.42,145886.86585249193,6.1,923.26,956.23,888.86,919.32,112653150000.0,123.32,10.149,9.5,0.019583523728705643
150,66.0,0.16,1.376940104420653,65.5,8463.8,3.5622727272727275,5.222,158243.0407193648,5.4,920.82,996.68,869.32,987.48,106635790000.0,101.87,11.566,9.5,7.414175695078962
151,65.7,0.16,2.176434905693535,65.4,8463.3,3.5871428571428567,5.1925,164771.34019961098,4.4,990.22,1039.47,978.51,1020.62,116059270000.0,92.95,14.754,9.6,3.356017337059991
152,73.5,0.15,4.566073164454621,65.1,8461.8,3.4019047619047615,5.0575,171338.86036797296,5.5,1019.52,1080.15,991.97,1057.08,112295490000.0,83.3,9.535,9.8,3.5723383825517763
153,70.6,0.12,5.482267303322526,65.0,8488.1,3.387619047619048,4.952,168290.55195944005,5.1,1054.91,1101.36,1019.95,1036.19,113410990000.0,42.12,10.576,10.0,-1.9761985847807084
154,67.4,0.12,4.6313374757843775,65.0,8517.3,3.4026315789473682,4.875,175167.37348936577,5.5,1036.18,1113.69,1029.38,1095.63,84981530000.0,28.51,11.041,9.9,5.736399695036631
155,72.5,0.12,1.6918743822967384,64.6,8512.5,3.59,4.93,178312.87267625393,5.4,1098.89,1130.38,1085.89,1115.1,89515330000.0,21.78,11.284,9.9,1.7770597738287375
156,74.4,0.11,1.073636917005896,64.8,8478.0,3.733157894736842,5.03,170943.018398648,5.6,1116.56,1150.45,1071.59,1073.87,90947580000.0,20.7,10.893,9.8,-3.6974262397991176
157,73.6,0.13,0.9538450385329318,64.9,8527.6,3.6910526315789474,4.99,173352.76298587414,5.3,1073.89,1112.42,1044.5,1104.49,84561340000.0,18.91,10.315,9.8,2.851369346382726
158,73.6,0.16,4.244024114677371,64.9,8523.7,3.7273913043478255,4.9675,184088.5813590128,5.3,1105.36,1180.69,1105.36,1169.43,103683550000.0,18.91,11.772,9.9,5.879636755425577
159,72.2,0.2,4.743939327458087,65.2,8555.1,3.8468181818181817,5.098,184114.40961704028,6.0,1171.23,1219.8,1170.69,1186.69,116741910000.0,19.01,11.454,9.9,1.4759327193589966
160,73.6,0.2,3.972759356246884,64.9,8609.3,3.42,4.8875,166478.4286215363,6.4,1188.58,1205.13,1040.78,1089.41,127662780000.0,17.3,12.03,9.6,-8.197591620389488
161,76.0,0.18,3.056770825588229,64.6,8628.4,3.2040909090909087,4.7375,160770.51114441504,6.2,1087.3,1131.23,1028.33,1030.71,110106750000.0,16.15,11.598,9.4,-5.388237669931439
162,67.8,0.18,2.912952226610537,64.6,8639.8,3.0114285714285716,4.564,173804.66184114027,6.1,1031.1,1120.95,1010.91,1101.6,94778110000.0,15.72,11.948,9.4,6.877783275606131
163,68.9,0.19,2.8369059553462583,64.7,8688.2,2.698636363636364,4.4275,167315.6468224865,6.2,1107.53,1129.24,1039.7,1049.33,85738250000.0,15.47,12.014,9.5,-4.74491648511256
164,68.2,0.19,3.152696151000588,64.6,8718.9,2.647619047619048,4.346,182917.1263671439,6.1,1049.72,1157.16,1049.72,1141.2,79589450000.0,15.61,11.922,9.5,8.755110403781474
165,67.7,0.19,2.817675082705094,64.4,8768.7,2.54,4.225,189735.46761901723,5.9,1143.49,1196.14,1131.87,1183.26,89536270000.0,15.9,12.414,9.4,3.6855941114616098
166,71.6,0.19,1.2227891724753082,64.6,8789.3,2.763,4.3,185639.1696693345,5.8,1185.71,1227.08,1173.0,1180.55,87151070000.0,15.88,12.3,9.8,-0.22902827780877377
167,74.5,0.18,-1.1860061196857217,64.3,8822.9,3.290909090909091,4.714,199288.35177449696,6.2,1186.6,1262.6,1186.6,1257.64,80984530000.0,16.05,12.605,9.3,6.530007200033894
168,74.2,0.17,-3.059719272520562,64.2,8845.2,3.394,4.755,203790.6316762858,6.6,1257.62,1302.67,1257.62,1286.12,92164940000.0,16.3,12.806,9.1,2.264559015298473
169,77.5,0.16,-1.401971861271197,64.1,8909.0,3.576315789473684,4.9525,210925.92710691624,6.9,1289.14,1344.07,1289.14,1327.22,59223660000.0,16.52,13.081,9.0,3.1956582589494076
170,67.5,0.14,4.568354982385484,64.2,8967.0,3.4143478260869564,4.836,208845.8276202927,6.3,1328.64,1332.28,1249.05,1325.83,89507640000.0,16.04,13.259,9.0,-0.10473018791158362
171,69.8,0.1,4.020808371839972,64.2,9030.4,3.455,4.84,217718.12123337903,6.3,1329.48,1364.56,1294.7,1363.61,77364810000.0,16.21,13.326,9.1,2.8495357625034856
172,74.3,0.09,2.411567346455988,64.1,9102.7,3.1685714285714286,4.6375,213201.4922993527,6.3,1365.21,1370.58,1311.8,1345.2,81708980000.0,16.12,12.28,9.0,-1.350092768460176
173,71.5,0.09,-0.341513357996273,64.0,9176.7,3.0022727272727274,4.51,209828.70444182263,6.5,1345.2,1345.2,1258.07,1320.64,86122730000.0,15.35,11.886,9.1,-1.8257508177222714
174,63.7,0.07,-1.863966771795507,64.0,9338.7,3.003,4.545,206024.04260068235,6.7,1320.64,1356.48,1282.86,1292.28,81102170000.0,15.61,12.72,9.0,-2.147443663678228
175,55.8,0.1,-0.0636605525678275,64.1,9525.1,2.3030434782608697,4.27,191508.17894837537,6.7,1292.59,1307.38,1101.54,1218.89,108419170000.0,13.79,12.604,9.0,-5.679109790447878
176,59.5,0.08,3.187543384479758,64.2,9545.3,1.9752380952380952,4.106,174967.50741366664,6.4,1219.12,1229.29,1114.22,1131.42,102786820000.0,13.5,13.356,9.0,-7.176201297902196
177,60.8,0.07,6.401293301702712,64.1,9578.1,2.152,4.0675,193065.5910206945,6.3,1131.21,1292.66,1074.77,1253.3,98063670000.0,13.88,13.73,8.8,10.772303830584562
178,63.7,0.08,5.104899803564438,64.1,9629.8,2.0135,3.9925,188351.7744969867,6.4,1251.0,1277.55,1158.66,1246.96,84275050000.0,14.1,13.743,8.6,-0.5058645176733378
179,69.9,0.07,4.485624145631959,64.0,9677.4,1.978095238095238,3.958,188247.12222186796,7.2,1246.91,1269.37,1202.37,1257.6,74742430000.0,14.3,13.798,8.5,0.8532751652017501
180,75.0,0.08,3.2400550612796453,63.7,9750.5,1.9665,3.915,197693.95108574344,7.4,1258.86,1333.47,1258.86,1312.41,79567560000.0,14.87,14.395,8.3,4.358301526717567
181,75.3,0.1,2.2997826998946187,63.8,9802.2,1.9675,3.89,207351.0411020057,7.3,1312.45,1378.04,1312.45,1365.68,78385710000.0,15.37,14.975,8.3,4.058944994323421
182,76.2,0.13,1.6618855007096751,63.8,9846.2,2.172727272727273,3.954,210016.8361978253,7.6,1365.9,1419.15,1340.03,1408.47,83899660000.0,15.69,14.594,8.2,3.133237654501775
183,76.4,0.14,1.9112155887395157,63.7,9899.8,2.052857142857143,3.91,207631.89949300085,7.9,1408.47,1422.38,1357.38,1397.91,74761710000.0,15.7,14.769,8.2,-0.7497497284287169
184,79.3,0.16,1.8645152364619229,63.7,9943.0,1.8031818181818184,3.798,189708.3001179809,7.9,1397.86,1415.32,1291.98,1310.33,86920490000.0,15.22,14.496,8.2,-6.265067135938662
185,73.2,0.16,0.9429812990407078,63.8,10013.0,1.6223809523809525,3.675,199374.95615573484,7.9,1309.87,1363.46,1266.74,1362.16,81582440000.0,15.05,14.467,8.2,3.9554921279372435
186,72.3,0.16,0.7016571280055515,63.7,10065.7,1.5266666666666668,3.55,201938.012180734,7.0,1362.33,1391.74,1325.41,1379.32,73103810000.0,15.55,14.38,8.2,1.2597639043871345
187,74.3,0.13,-0.1642082364249004,63.5,10136.4,1.6782608695652175,3.602,207057.49178916487,6.7,1379.32,1426.68,1354.65,1406.58,70283810000.0,16.14,14.444,8.1,1.9763361656468303
188,78.3,0.14,-0.3302924077587779,63.6,10216.6,1.723157894736842,3.4975,212746.085902873,7.2,1406.54,1474.51,1396.56,1440.67,69784280000.0,16.69,15.099,7.8,2.423609037523655
189,82.6,0.16,-0.8649521048039714,63.8,10282.8,1.7461904761904763,3.3825,211308.44041962948,7.8,1440.9,1470.96,1403.28,1412.16,71752320000.0,16.62,14.83,7.8,-1.978940354140779
190,82.7,0.16,1.7623512223240403,63.6,10351.8,1.654,3.352,214014.22148528427,8.7,1412.2,1434.27,1343.35,1416.18,71489310000.0,16.12,15.456,7.7,0.28467029231815655
191,72.9,0.16,4.055178050942114,63.7,10474.4,1.719,3.345,218039.029367686,10.9,1416.34,1448.0,1398.11,1426.19,66388180000.0,16.44,15.462,7.9,0.7068310525498056
192,73.8,0.14,4.935734363271656,63.7,10497.6,1.9147619047619049,3.414,229145.8180542712,4.9,1426.19,1509.94,1426.19,1498.11,75848510000.0,17.03,15.813,8.0,5.0428063581991145
193,77.6,0.15,4.976202104787584,63.4,10516.6,1.9842105263157892,3.5325,229524.18609100475,4.7,1498.11,1530.94,1485.01,1514.68,69273480000.0,17.32,15.861,7.7,1.1060603026480154
194,78.6,0.14,0.6999387308202865,63.3,10572.9,1.9575,3.565,234900.4177162718,4.8,1514.68,1570.28,1501.48,1569.19,68527110000.0,17.68,15.721,7.5,3.5987799403174314
195,76.4,0.15,-0.447781924087415,63.4,10600.4,1.7590909090909093,3.445,242297.6308153439,5.1,1569.18,1597.57,1536.03,1597.57,77098000000.0,17.69,15.811,7.6,1.808576399288797
196,84.5,0.11,1.2898622764698124,63.4,10634.7,1.9281818181818184,3.536,242389.14575428076,5.3,1597.55,1687.18,1581.28,1630.74,76447250000.0,18.25,15.884,7.5,2.0762783477406455
197,84.1,0.09,2.015474486667407,63.4,10692.3,2.3,4.07,236416.56834922355,5.4,1631.71,1654.19,1560.33,1606.28,74946790000.0,17.8,16.149,7.5,-1.499932545960736
198,85.1,0.09,3.0807192061567004,63.3,10731.5,2.5822727272727275,4.37,248862.91891202447,5.2,1609.78,1698.78,1604.57,1685.73,68106820000.0,18.12,16.021,7.3,4.94621112134872
199,82.1,0.08,5.312984515345269,63.3,10789.6,2.7372727272727277,4.456,243565.89394470843,5.2,1689.42,1709.67,1627.47,1632.97,64802810000.0,17.91,15.827,7.2,-3.12980133236046
200,77.5,0.08,5.335672730172513,63.2,10850.0,2.8095,4.49,255747.2657121903,5.3,1635.95,1729.86,1633.41,1681.55,66174410000.0,17.88,15.857,7.2,2.9749474883188354
201,73.2,0.09,4.318076139118099,62.8,10974.2,2.6159090909090907,4.192,265758.1072032142,4.7,1682.41,1775.22,1646.47,1756.54,76647400000.0,17.86,15.727,7.2,4.459575986441089
202,75.1,0.08,2.3973614631745743,63.0,10982.9,2.718421052631579,4.255,270481.04333407735,4.5,1758.7,1813.55,1746.2,1805.81,63628190000.0,18.15,16.079,6.9,2.804946087194149
203,82.5,0.09,-2.5060461685618014,62.9,11047.8,2.9019047619047615,4.4575,276204.33021906187,4.5,1806.55,1849.44,1767.99,1848.36,64958820000.0,18.04,15.835,6.7,2.3562833299184183
204,81.2,0.07,-4.50355299755089,62.9,11117.6,2.858095238095238,4.432,265974.1717419725,5.2,1845.86,1850.84,1770.45,1782.59,75871910000.0,18.15,15.614,6.6,-3.5582895107013734
205,81.6,0.07,-0.3932479083961882,62.9,11183.2,2.7094736842105265,4.3025,279289.1170562163,5.3,1782.68,1867.92,1737.92,1859.45,69725590000.0,18.06,15.993,6.7,4.3117037568930705
206,80.0,0.08,4.481549258823569,63.1,11219.1,2.723333333333333,4.3425,279693.3133509773,5.2,1857.68,1883.97,1834.44,1872.34,71885030000.0,18.48,16.985,6.7,0.6932157358358504
207,84.1,0.09,6.047015451954541,62.8,11264.0,2.705238095238095,4.3375,282559.2933898791,5.4,1873.96,1897.28,1814.36,1883.95,71595810000.0,18.35,16.695,6.2,0.6200796863817581
208,81.9,0.09,6.651873189008693,62.9,11328.5,2.559047619047619,4.192,288118.6186664966,5.6,1884.39,1924.03,1859.79,1923.57,63623630000.0,18.46,17.137,6.3,2.1030282120013677
209,82.5,0.1,6.18645064460254,62.8,11383.7,2.5985714285714288,4.1625,293272.79104620387,5.6,1923.87,1968.17,1915.98,1960.23,63283380000.0,18.88,17.516,6.1,1.9058313448431896
210,81.8,0.09,5.503245279339202,62.9,11438.4,2.5422727272727275,4.13,288592.3918242403,5.5,1962.29,1991.39,1930.67,1930.67,66524690000.0,18.96,17.277,6.2,-1.5079863077291922
211,82.5,0.09,3.090402251690887,62.9,11462.5,2.42,4.115,294951.56404451386,5.3,1929.8,2005.04,1904.78,2003.37,58131140000.0,18.68,17.239,6.1,3.765532172769026
212,84.6,0.09,1.769177940509439,62.8,11503.7,2.5342857142857143,4.1625,286946.2708459552,5.5,2004.07,2019.26,1964.04,1972.29,66706000000.0,18.81,16.959,5.9,-1.5513859147336717
213,86.9,0.09,0.9149693972135512,62.9,11577.5,2.3040909090909087,4.036,288802.5254296738,5.4,1971.44,2018.19,1820.66,2018.05,93714040000.0,18.5,16.756,5.7,2.3201456175308888
214,88.8,0.09,2.330780210100666,62.9,11618.2,2.325555555555556,3.9975,294590.3510729887,5.6,2018.21,2075.76,2001.01,2067.56,63600190000.0,19.75,16.949,5.8,2.4533584400783015
215,93.6,0.12,4.127269206801708,62.8,11701.9,2.2072727272727275,3.864,289840.05612065946,6.0,2065.78,2093.55,1972.56,2058.9,80743820000.0,20.08,17.178,5.6,-0.4188512062527794
216,98.1,0.11,3.617751550515124,62.9,11774.2,1.8815,3.67,284588.24654826056,6.3,2058.9,2072.36,1988.12,1994.99,77330040000.0,20.02,16.91,5.7,-3.1040847054252363
217,95.4,0.11,3.383985867502902,62.7,11880.4,1.9752631578947368,3.71,301261.8857817034,6.4,1996.67,2119.59,1980.9,2104.5,68775560000.0,20.77,16.891,5.5,5.4892505726845675
218,93.0,0.11,4.067809761866414,62.6,11892.9,2.042727272727273,3.77,296546.09228022065,5.9,2105.23,2117.52,2039.69,2067.89,76675850000.0,20.96,17.896,5.4,-1.7396056070325572
219,95.9,0.12,2.181716152945566,62.8,11932.5,1.935,3.672,303500.84499856504,5.9,2067.63,2125.92,2048.38,2085.51,72060940000.0,21.42,17.693,5.4,0.8520762709815388
220,90.7,0.12,1.2238994520776392,62.9,11963.8,2.1975,3.84,304546.3473741271,5.8,2087.38,2134.72,2067.93,2107.39,65187730000.0,21.92,17.929,5.6,1.0491438545008114
221,96.1,0.13,1.713063118524807,62.7,12011.1,2.363636363636364,3.9825,297464.94053123303,5.7,2108.64,2129.87,2056.32,2063.11,73213980000.0,22.12,17.889,5.3,-2.10117728564716
222,93.1,0.13,2.4048464778090155,62.6,12061.1,2.3245454545454542,4.046,302804.43863397214,5.6,2067.0,2132.82,2044.02,2103.84,77920590000.0,22.4,18.318,5.2,1.974203993000856
223,91.9,0.14,0.9931076777159856,62.6,12110.8,2.167142857142857,3.905,282766.4934153885,5.6,2104.49,2112.66,1867.01,1972.18,84626790000.0,22.15,18.391,5.1,-6.258080462392579
224,87.2,0.14,0.5340886599256738,62.4,12170.3,2.1728571428571426,3.89,272336.7877299832,5.8,1970.09,2020.86,1871.91,1920.03,79989370000.0,21.45,18.281,5.0,-2.6442819620927094
225,90.0,0.12,0.2663770535188412,62.5,12211.2,2.07,3.796,293917.9235356015,5.8,1919.65,2094.32,1893.7,2079.36,85844900000.0,22.68,18.27,5.0,8.298307838940033
226,91.3,0.12,0.6497885084554,62.5,12301.0,2.263157894736842,3.9425,292455.4701699564,5.6,2080.76,2116.48,2019.39,2080.41,75943590000.0,23.67,18.314,5.1,0.05049630655584725
227,92.6,0.24,2.4774300288755797,62.7,12361.5,2.2427272727272727,3.964,287314.8815407672,5.8,2082.93,2104.27,1993.26,2043.94,83649260000.0,23.74,17.503,5.0,-1.7530198374358763
228,92.0,0.34,3.162681731877436,62.7,12490.8,2.0852631578947367,3.8725,270126.46280411974,6.1,2038.2,2038.2,1812.29,1940.24,92409770000.0,22.18,18.054,4.8,-5.073534448173622
229,91.7,0.38,2.4955866840363234,62.8,12557.6,1.7795,3.66,268116.0677274322,5.6,1936.94,1962.96,1810.1,1932.23,93049560000.0,22.02,18.096,4.9,-0.41283552550199776
230,91.0,0.36,0.7216502332200245,63.0,12620.2,1.8890909090909087,3.694,286310.13041675964,5.9,1937.09,2072.21,1937.09,2059.74,92639420000.0,23.39,17.291,5.0,6.599110871894109
231,89.0,0.37,0.8526330701948708,62.9,12703.7,1.8052380952380953,3.605,290840.5981952106,5.5,2056.62,2111.05,2033.8,2065.3,81124990000.0,23.97,17.669,5.1,0.269936982337593
232,94.7,0.37,0.8988666067096878,62.7,12775.9,1.806190476190476,3.6,292474.09202512674,5.3,2067.17,2103.48,2025.91,2096.95,78883600000.0,23.81,17.695,4.8,1.5324650171887777
233,93.5,0.38,3.24383058942196,62.7,12841.1,1.6440909090909093,3.568,289196.8368355601,4.9,2093.94,2120.55,1991.68,2098.86,86852700000.0,23.97,17.735,4.9,0.09108467059302239
234,90.0,0.39,3.4303924506881893,62.8,12902.2,1.504,3.44,301414.94212557,5.1,2099.34,2177.09,2074.02,2173.6,69530250000.0,24.52,18.109,4.8,3.5609807228685897
235,89.8,0.4,2.6639988895144358,62.9,12988.9,1.556521739130435,3.435,301665.44434169825,5.1,2173.15,2193.81,2147.58,2170.95,75610310000.0,24.57,17.927,4.9,-0.12191755612808164
236,91.2,0.4,2.4367640528939907,62.9,13047.9,1.6304761904761904,3.46,303267.88048850483,5.1,2171.33,2187.87,2119.12,2168.27,77023620000.0,24.22,17.956,5.0,-0.12344825997834263
237,87.2,0.4,2.072126178430415,62.8,13112.8,1.7645,3.47,297398.7436625108,5.3,2164.33,2169.6,2114.72,2126.15,72915530000.0,23.57,17.954,4.9,-1.942562503747225
238,93.8,0.41,1.749675626197865,62.7,13182.4,2.142,3.77,301675.07413666655,5.4,2128.68,2214.1,2083.79,2198.81,88445380000.0,23.35,17.792,4.7,3.4174446769983158
239,98.2,0.54,2.662487357988015,62.7,13215.3,2.4919047619047614,4.198,308893.657727751,5.0,2200.17,2277.53,2187.44,2238.83,75344550000.0,23.76,18.277,4.7,1.8200754044233047
240,98.5,0.65,2.02749742768074,62.8,13286.4,2.4325,4.15,316348.8409170626,5.3,2251.57,2300.99,2245.13,2278.87,70576420000.0,23.59,17.652,4.7,1.7884341374735824
241,96.3,0.66,1.399548981947906,62.9,13351.2,2.418947368421053,4.1675,325125.4743152323,5.6,2285.59,2371.54,2271.65,2363.64,69260940000.0,23.68,17.699,4.6,3.7198260541408734
242,96.9,0.79,1.5123423924496304,62.9,13420.1,2.4817391304347822,4.196,328588.6929625969,5.6,2380.13,2400.98,2322.25,2362.72,81664010000.0,23.6,17.061,4.4,-0.03892301704151446
243,97.0,0.9,2.598714991571768,63.0,13481.0,2.297368421052632,4.045,333454.03526673256,5.7,2362.34,2398.16,2328.95,2384.2,65369860000.0,23.24,17.166,4.4,0.909121690255299
244,97.1,0.91,2.266332508699364,62.8,13539.7,2.303636363636364,4.01,340508.0832881605,6.3,2388.5,2418.71,2352.72,2411.8,79719460000.0,23.31,17.081,4.4,1.157621004949272
245,95.0,1.04,3.345093016969952,62.8,13564.1,2.1868181818181816,3.904,341818.1818181818,6.0,2415.65,2453.82,2405.7,2423.41,81078810000.0,23.4,17.13,4.3,0.48138319927024664
246,93.4,1.15,2.808526969322526,62.9,13628.9,2.318,3.9675,349998.72453046776,6.0,2431.39,2484.04,2407.7,2470.3,63348090000.0,23.36,17.237,4.3,1.9348768883515444
247,96.8,1.16,3.3503107317063763,62.9,13688.0,2.2091304347826086,3.88,350491.5659577182,6.1,2477.1,2490.87,2417.35,2471.65,70784900000.0,23.16,17.051,4.4,0.05464923288669432
248,95.1,1.15,4.208082544623094,63.1,13733.8,2.202,3.805,358358.08807117125,5.9,2474.42,2519.44,2446.55,2519.36,66624120000.0,23.28,18.313,4.3,1.9302894827342154
249,100.7,1.15,5.179404973346002,62.7,13788.5,2.36,3.895,365130.5124198846,6.0,2521.2,2582.98,2520.4,2575.26,71088550000.0,23.67,18.482,4.2,2.2188174774546043
250,98.5,1.16,4.606002208791755,62.7,13814.7,2.353333333333333,3.922,373041.9948343484,5.6,2583.21,2657.74,2557.45,2647.58,73416960000.0,23.81,18.003,4.2,2.8082601368405458
251,95.9,1.3,3.832510334108127,62.7,13860.3,2.4025,3.95,378086.8594751442,5.0,2645.1,2694.97,2605.52,2673.61,65531700000.0,24.25,17.887,4.1,0.9831619818853499
252,95.7,1.41,2.5468160374354296,62.7,13869.2,2.583809523809524,4.0325,398049.87085870985,5.7,2683.73,2872.87,2682.36,2823.81,77318690000.0,24.97,17.176,4.0,5.617872464570373
253,99.7,1.42,3.773477037169508,63.0,13907.3,2.858947368421053,4.33,381559.707917477,5.8,2816.45,2835.96,2532.69,2713.83,79933970000.0,23.82,17.447,4.1,-3.8947379604151844
254,101.4,1.51,1.7013150929254874,62.9,13966.4,2.8423809523809522,4.444,373243.0726061031,5.9,2715.22,2801.9,2585.89,2640.87,76803890000.0,23.41,17.662,4.0,-2.6884513768364315
255,98.8,1.69,1.7842860358649235,62.9,13989.3,2.869047619047619,4.4675,377532.0302286279,6.0,2633.45,2717.49,2553.8,2648.05,70194700000.0,22.53,17.584,4.0,0.2718801001185378
256,98.0,1.7,1.757723458871606,62.9,14055.7,2.977727272727273,4.586,379897.8348904692,6.0,2642.96,2742.24,2594.62,2705.27,76011820000.0,22.49,17.829,3.8,2.160835331659139
257,98.2,1.82,3.0149088888021573,63.0,14117.5,2.9123809523809525,4.57,379716.59066994034,6.3,2718.7,2791.47,2691.99,2718.37,77891360000.0,22.49,17.743,4.0,0.4842400204046138
258,97.9,1.91,2.890244604840692,63.0,14157.0,2.889047619047619,4.5275,391576.48034182575,6.5,2704.95,2848.03,2698.95,2816.29,64898300000.0,22.33,17.629,3.8,3.6021586465418753
259,96.2,1.91,2.6376508365535445,62.6,14206.0,2.889130434782609,4.55,396421.415133446,6.6,2821.17,2916.5,2796.34,2901.52,69523070000.0,22.37,17.564,3.8,3.0263218631604083
260,100.1,1.95,0.6536801294461214,62.8,14238.2,3.004210526315789,4.6275,398628.7427059086,6.8,2896.96,2940.91,2864.12,2913.98,63031510000.0,22.25,17.776,3.7,0.42943009181395375
261,98.6,2.19,-0.5734166865640682,62.9,14248.1,3.152272727272728,4.83,369358.3112783393,6.7,2926.29,2939.86,2603.54,2711.74,91930980000.0,21.25,17.991,3.8,-6.940335897981464
262,97.5,2.2,0.4402287168421597,62.9,14258.7,3.117,4.866,373554.1596250119,6.5,2717.58,2815.15,2631.09,2760.17,80620020000.0,20.67,18.061,3.8,1.785938179914015
263,98.3,2.27,1.9868079776368208,63.0,14369.9,2.8326315789473684,4.6375,345149.8357832977,8.4,2790.5,2800.18,2346.58,2506.85,84162180000.0,19.39,18.077,3.9,-9.177695576721733
264,91.2,2.4,3.0232847624193804,63.1,14432.7,2.713809523809524,4.464,372004.52791683935,8.4,2476.96,2708.95,2443.96,2704.1,80859870000.0,19.6,16.97,4.0,7.868440473103688
265,93.8,2.4,2.8644333372495057,63.1,14470.5,2.676315789473684,4.37,383190.6508083288,8.5,2702.32,2813.49,2681.83,2784.49,70638770000.0,20.6,16.962,3.8,2.972893014311606
266,98.4,2.41,3.181183008001156,63.0,14513.9,2.570952380952381,4.265,388223.65358247503,7.9,2798.22,2860.31,2722.27,2834.4,79159660000.0,20.86,17.842,3.8,1.792428775107835
267,97.2,2.42,2.382815085795187,62.8,14548.1,2.5323809523809526,4.1425,401989.7962437422,7.6,2848.63,2949.52,2848.63,2945.83,70090370000.0,21.56,16.968,3.7,3.9313434942139347
268,100.0,2.39,4.242226139640673,62.9,14660.8,2.395,4.072,378794.617518574,7.3,2952.33,2954.13,2750.52,2752.06,77250740000.0,21.15,17.967,3.6,-6.577772648116154
269,98.2,2.38,5.092296212051501,63.0,14782.9,2.074,3.8025,403755.23739676666,7.1,2751.53,2964.15,2728.81,2941.76,71250630000.0,21.37,17.781,3.6,6.893018320821498
270,98.4,2.4,5.155460629320809,63.1,14865.4,2.0590909090909086,3.765,405755.1736232901,6.8,2971.41,3027.98,2952.22,2980.38,70599470000.0,22.28,17.682,3.7,1.3128195366039375
271,89.8,2.13,5.068773797250393,63.1,14947.6,1.6263636363636365,3.616,397455.6296036478,6.9,2980.32,3013.59,2822.12,2926.46,80269220000.0,21.67,17.882,3.6,-1.809165274226776
272,93.2,2.04,1.8366530179362983,63.2,15039.5,1.6995,3.605,405913.905806575,7.0,2909.01,3021.99,2891.85,2976.74,74178980000.0,22.44,17.72,3.5,1.7181167690656807
273,95.5,1.83,1.015905971900016,63.3,15174.6,1.7068181818181818,3.688,416243.3595867479,7.1,2983.69,3050.1,2855.94,3037.56,77720640000.0,22.04,17.049,3.6,2.0431747482144935
274,96.8,1.55,3.8393690613655815,63.3,15273.3,1.8121052631578949,3.695,427835.8470712031,6.9,3050.72,3154.26,3050.72,3140.98,72410620000.0,22.62,17.549,3.6,3.404706409091518
275,99.3,1.55,4.991319106808264,63.3,15334.3,1.8628571428571428,3.72,440653.04040049744,6.2,3143.85,3247.93,3070.33,3230.78,72325540000.0,22.78,17.491,3.6,2.8589803182446305
276,99.8,1.55,1.5285287928296718,63.3,15401.3,1.7576190476190476,3.624,437970.9192946653,7.0,3244.67,3337.77,3214.64,3225.52,77287980000.0,24.88,16.893,3.6,-0.1628089811129274
277,101.0,1.58,-12.311295480704937,63.3,15453.8,1.5042105263157897,3.465,400951.3089506074,7.5,3235.66,3393.52,2855.84,2954.22,84436590000.0,26.42,17.088,3.5,-8.411046900964813
278,89.1,0.65,-44.263532915592485,62.6,15980.6,0.87,3.45,347888.332642454,12.4,2974.28,3136.72,2191.86,2584.59,162185380000.0,22.8,11.836,4.4,-12.511932083595656
279,71.8,0.05,-71.16976439133732,60.1,16999.0,0.6576190476190475,3.306,385893.11565319984,32.0,2498.08,2954.86,2447.49,2912.43,123608160000.0,24.97,8.944,14.8,12.684410293315374
280,72.3,0.05,-8.079405484422338,60.8,17868.4,0.674,3.2325,404534.93192181375,22.8,2869.09,3068.67,2766.64,3044.31,107135190000.0,27.82,12.508,13.2,4.528177501261843
281,78.1,0.08,33.89654120919739,61.5,18161.5,0.7286363636363636,3.1625,415235.2922419566,18.4,3038.78,3233.13,2965.66,3100.29,131458880000.0,31.29,13.47,11.0,1.8388403283502663
282,72.5,0.09,45.51200085351839,61.5,18311.4,0.6236363636363637,3.016,435100.7302063072,17.8,3105.92,3279.99,3101.17,3271.12,96928130000.0,32.44,15.225,10.2,5.51012969754443
283,74.1,0.1,32.38730639399877,61.7,18382.2,0.65,2.935,464171.678199037,13.9,3288.26,3514.77,3284.53,3500.31,82466520000.0,34.41,15.932,8.4,7.006468732421922
284,80.4,0.09,10.376276245327103,61.5,18606.8,0.6795238095238095,2.89,448158.15822199546,13.1,3507.44,3588.11,3209.45,3363.0,92310780000.0,34.27,16.739,7.8,-3.92279540954944
285,81.8,0.09,-3.086570293808381,61.7,18758.1,0.7871428571428571,2.834,434410.8925098052,12.6,3385.87,3549.85,3233.94,3269.96,89938980000.0,35.3,16.613,6.8,-2.76657746060065
286,76.9,0.09,-4.367161712184871,61.5,18972.9,0.87,2.765,489955.3585663723,11.8,3296.2,3645.99,3279.74,3621.63,101247180000.0,37.16,16.352,6.7,10.754565805086314
287,80.7,0.09,3.694353237599705,61.5,19109.9,0.9336363636363636,2.684,510727.8466885622,11.8,3645.87,3760.2,3633.4,3756.07,96375680000.0,39.26,16.972,6.7,3.712140665943231
288,79.0,0.09,8.872903166357613,61.3,19334.6,1.0810526315789475,2.735,505651.92436465673,19.2,3764.61,3870.9,3662.71,3714.24,106117800000.0,35.96,16.697,6.4,-1.1136640158463607
289,76.8,0.08,3.840355128884296,61.4,19570.8,1.2578947368421052,2.81,518608.90915468254,12.6,3731.17,3950.43,3725.62,3811.15,99082320000.0,33.24,16.124,6.2,2.6091474971999817
290,84.9,0.07,12.028004865159826,61.5,19809.6,1.6108695652173912,3.0825,535864.0987213418,25.9,3842.51,3994.41,3723.34,3972.89,122371150000.0,30.5,18.496,6.1,4.243863400810777
291,88.3,0.07,6.091934996793144,61.6,20135.3,1.635,3.06,560803.2907113931,12.0,3992.78,4218.78,3992.78,4181.17,83124090000.0,29.92,18.697,6.1,5.242531255584737
292,82.9,0.06,3.624762682636295,61.5,20439.5,1.621,2.9625,568881.9234080545,9.6,4191.98,4238.04,4056.88,4204.11,88321860000.0,28.05,17.466,5.8,0.5486502581813157
293,85.5,0.08,2.6563715676696096,61.7,20482.4,1.5190909090909093,2.975,577360.989764357,8.4,4216.52,4302.43,4164.4,4297.5,102544180000.0,26.7,15.903,5.9,2.221397632316946
294,81.2,0.1,2.610175131148371,61.8,20633.4,1.3185714285714285,2.868,587703.198239852,9.2,4300.73,4429.97,4233.13,4395.26,84255620000.0,26.56,15.207,5.4,2.274810936591054
295,70.3,0.09,3.5475009781602598,61.8,20844.4,1.2831818181818182,2.8425,602330.1552884155,8.4,4406.86,4537.36,4367.73,4522.68,80500760000.0,26.23,13.765,5.1,2.8990321391681118
296,72.8,0.08,6.706698291828589,61.7,20973.8,1.3747619047619049,2.9,577321.0675679985,7.2,4528.8,4545.85,4305.91,4307.54,85528860000.0,25.35,12.722,4.7,-4.756914042116634
297,71.7,0.08,10.65168918525439,61.8,21153.7,1.5825,3.0675,610020.8539268518,6.6,4317.16,4608.08,4278.94,4605.38,80253600000.0,24.39,13.181,4.5,6.9143873301234615
298,67.4,0.08,7.587481310709672,61.9,21327.6,1.5595,3.0675,596653.4868148337,6.1,4610.62,4743.83,4560.0,4567.0,88268840000.0,24.52,13.484,4.1,-0.8333731418471491
299,70.6,0.08,0.2499576235523486,62.0,21507.8,1.465,3.098,622154.5231338287,6.0,4602.82,4808.93,4495.12,4766.18,92750180000.0,23.63,13.166,3.9,4.361287497262989
300,67.2,0.08,-4.357230381506488,62.2,21566.1,1.764,3.445,589235.8024297694,3.6,4778.14,4818.62,4222.62,4515.55,95562890000.0,23.11,14.866,4.0,-5.258508910699977
301,62.8,0.08,-2.374606085218269,62.2,21621.0,1.9342105263157892,3.7625,574333.2801887695,3.6,4519.57,4595.31,4114.65,4373.94,92667710000.0,22.42,14.168,3.8,-3.136052086678265
302,59.4,0.2,0.4594450492108715,62.3,21722.8,2.1278260869565218,4.172,590094.9587066738,2.7,4363.14,4637.3,4157.87,4530.41,123546260000.0,22.19,14.253,3.6,3.577323877328009
303,65.2,0.33,0.467706675534282,62.2,21723.2,2.7475,4.9825,541073.7540257007,2.2,4540.32,4593.45,4124.28,4131.93,90367840000.0,22.4,14.681,3.7,-8.795671914903934
304,58.4,0.77,0.5543752052168056,62.3,21696.6,2.898095238095238,5.23,541483.5623864034,2.3,4130.61,4307.66,3810.32,4132.15,108860390000.0,20.81,13.286,3.6,0.005324388360872234
305,50.0,1.21,1.4575884040022562,62.2,21652.4,3.143333333333333,5.522,494579.1907145818,2.0,4149.78,4177.51,3636.87,3785.38,106116710000.0,20.28,13.669,3.6,-8.391999322386646
306,51.5,1.68,2.925304784180985,62.1,21644.5,2.896,5.4125,533846.9436561333,3.1,3781.0,4140.15,3721.56,4130.29,81688320000.0,20.53,13.867,3.5,9.11163476322059
307,58.2,2.33,3.768654058852428,62.4,21626.7,2.8978260869565218,5.2225,511527.9487261248,3.1,4112.38,4325.28,3954.53,3955.0,92252350000.0,22.03,14.064,3.6,-4.244011921681046
308,58.6,2.56,4.377730877760533,62.3,21507.7,3.519047619047619,6.112,463976.40381365386,3.1,3936.73,4119.28,3584.13,3585.62,94241020000.0,20.58,14.136,3.5,-9.339570164348931
309,59.9,3.08,4.033860047264872,62.3,21433.4,3.9835,6.9,497295.87704473705,3.2,3609.78,3905.42,3491.58,3871.98,95823760000.0,20.44,15.091,3.6,7.986345457689326
310,56.7,3.78,1.7138013822674485,62.1,21367.1,3.891,6.805,531873.090781544,3.4,3901.79,4080.11,3698.15,4080.11,92671910000.0,22.07,14.733,3.6,5.375286029369986
311,59.8,4.1,1.6298529083820852,62.3,21273.1,3.616190476190476,6.364,509285.8646089091,3.7,4087.14,4100.96,3764.49,3839.5,85249330000.0,22.65,13.935,3.5,-5.897144929916109
312,64.9,4.33,4.785488552927784,62.4,21188.2,3.5315,6.2725,545320.9400210453,4.2,3853.29,4094.21,3794.33,4076.6,80763810000.0,22.82,15.665,3.4,6.175283240005203
313,66.9,4.57,2.205475376981311,62.5,21117.7,3.7468421052631578,6.2575,532212.2381301617,4.6,4070.07,4195.44,3943.08,3970.15,80392280000.0,23.4,15.434,3.6,-2.6112446646715304
314,62.0,4.65,1.0745841746975746,62.6,20870.6,3.6630434782608696,6.544,548657.4407703836,5.3,3963.34,4110.75,3808.86,4109.31,113094800000.0,22.66,15.668,3.5,3.5051572358727023
315,63.7,4.83,2.739289949672612,62.6,20712.2,3.46,6.3425,558275.1187781001,5.0,4102.2,4170.06,4049.35,4169.48,70861260000.0,23.27,16.446,3.4,1.464236088297044
316,59.0,5.06,2.8845163698750595,62.6,20804.8,3.573636363636364,6.425,552701.6357896752,5.2,4166.79,4231.1,4048.28,4179.83,88929200000.0,23.15,15.948,3.7,0.2482323934879238
317,64.2,5.08,3.446214769859458,62.6,20788.5,3.7480952380952384,6.714,586127.8020471286,5.0,4183.03,4458.48,4171.64,4450.38,87983140000.0,24.01,16.428,3.6,6.47275128414313
318,71.5,5.12,4.871444055011672,62.6,20762.6,3.8995,6.84,605817.480309939,4.6,4450.48,4607.07,4385.05,4588.96,75063200000.0,24.76,16.302,3.5,3.113891398037927
319,69.4,5.33,4.806222125865818,62.8,20735.0,4.167826086956522,7.072,591347.0871464558,4.7,4578.83,4584.62,4335.31,4507.66,86840820000.0,24.16,15.909,3.8,-1.771643248143373
320,67.8,5.33,4.363553668766065,62.8,20681.4,4.379,7.2,565837.313861165,4.4,4530.6,4541.25,4238.63,4288.05,73482980000.0,23.93,16.193,3.8,-4.871929116215501
321,63.8,5.33,2.3907529985524896,62.7,20662.5,4.798095238095239,7.62,549419.0874015497,4.5,4284.52,4393.57,4103.78,4193.8,83519460000.0,22.78,15.799,3.8,-2.1979687736850106
322,61.3,5.33,2.9776037524906496,62.8,20675.7,4.502857142857144,7.442,600928.2867255508,4.6,4201.27,4587.6,4197.74,4567.8,80970570000.0,23.51,15.945,3.7,8.91792646287377
323,69.7,5.33,1.6252606014170474,62.5,20725.4,4.02,6.815,630430.4071936482,4.4,4559.43,4793.3,4546.5,4769.83,81530670000.0,24.35,16.386,3.7,4.422916940321375
324,79.0,5.33,-0.3750139881024901,62.5,20725.9,4.058095238095238,6.6425,637995.8547240201,5.5,4745.2,4931.09,4682.11,4845.65,81737880000.0,25.01,15.513,3.7,1.5895744712075555
